Quarter,HB,HBName,Location,All Staffed Beds,Total Occupied Beds,Average Available Staffed Beds,Average Occupied Beds,Percentage Occupancy
2020Q1,SB0801,The Golden Jubilee National Hospital,D102H,-4.427049916591813,24.611008867324745,-4.051098578332843,-8.331280749257694,-4.503165919379317
2020Q1,SB0801,The Golden Jubilee National Hospital,SB0801,-4.427049916591813,24.611008867324745,-4.051098578332843,-8.331280749257694,-4.503165919379317
2020Q2,SB0801,The Golden Jubilee National Hospital,D102H,-7.827537533684075,20.177346494897105,-7.464962552116666,-31.96442559319621,-26.508405901076394
2020Q2,SB0801,The Golden Jubilee National Hospital,SB0801,-7.827537533684075,20.177346494897105,-7.464962552116666,-31.96442559319621,-26.508405901076394
2020Q3,SB0801,The Golden Jubilee National Hospital,D102H,-0.9239060695495958,29.178517650995484,-1.6153248365785502,-17.476974058081687,-16.15918232901428
2020Q3,SB0801,The Golden Jubilee National Hospital,SB0801,-0.9239060695495958,29.178517650995484,-1.6153248365785502,-17.476974058081687,-16.15918232901428
2020Q4,SB0801,The Golden Jubilee National Hospital,D102H,0.5068651353779032,31.044002007696168,-0.19453850310860502,-7.259204588728009,-7.119546710871148
2020Q4,SB0801,The Golden Jubilee National Hospital,SB0801,0.5068651353779032,31.044002007696168,-0.19453850310860502,-7.259204588728009,-7.119546710871148
2021Q1,SB0801,The Golden Jubilee National Hospital,D102H,6.165789811369177,38.42228542747198,7.76766987111657,2.4102943237335324,-5.013269654458888
2021Q1,SB0801,The Golden Jubilee National Hospital,SB0801,6.165789811369177,38.42228542747198,7.76766987111657,2.4102943237335324,-5.013269654458888
2021Q2,SB0801,The Golden Jubilee National Hospital,D102H,3.6763762350827665,35.176509954826834,4.084203683721793,3.0401755829003374,-1.0468592522131304
2021Q2,SB0801,The Golden Jubilee National Hospital,SB0801,3.6763762350827665,35.176509954826834,4.084203683721793,3.0401755829003374,-1.0468592522131304
2021Q3,SB0801,The Golden Jubilee National Hospital,D102H,8.411394841524444,41.35017567341475,7.654828146375611,-0.07353744158090046,-7.219903806430809
2021Q3,SB0801,The Golden Jubilee National Hospital,SB0801,8.411394841524444,41.35017567341475,7.654828146375611,-0.07353744158090046,-7.219903806430809
2020Q1,S08000015,NHS Ayrshire and Arran,A111H,-52.150991327128025,-48.674284517267886,-51.97157760114263,-53.509260139077576,-3.2329472086728672
2020Q1,S08000015,NHS Ayrshire and Arran,A210H,-64.9087264572211,-62.35899610592099,-64.777148890402,-66.07694450731859,-3.721385101422591
2020Q1,S08000015,NHS Ayrshire and Arran,S08000015,-2.820489411951491,4.24056943986744,-2.4561069813093135,-4.749803762665772,-2.383063864803963
2020Q2,S08000015,NHS Ayrshire and Arran,A111H,-56.0253239922996,-52.83012601897054,-55.860437389831375,-66.20976493623174,-23.471611975238492
2020Q2,S08000015,NHS Ayrshire and Arran,A210H,-71.58600432651279,-69.52144468372636,-71.47946375283517,-78.24736416926083,-23.754611760222108
2020Q2,S08000015,NHS Ayrshire and Arran,S08000015,-11.910611864171308,-5.51004089932532,-11.580313582481235,-30.19747999415979,-21.081011674823593
2020Q3,S08000015,NHS Ayrshire and Arran,A111H,-54.42046559628475,-51.1086586843582,-54.74684882309919,-55.61005219729144,-1.9392555881814009
2020Q3,S08000015,NHS Ayrshire and Arran,A210H,-71.0358624248318,-68.9313294963073,-71.2432671034305,-72.7754278267457,-5.358656232930738
2020Q3,S08000015,NHS Ayrshire and Arran,S08000015,-9.718935439696743,-3.159117364799324,-10.365414732583817,-14.570802760919841,-4.722557740083223
2020Q4,S08000015,NHS Ayrshire and Arran,A111H,-50.798420227439614,-47.22343566254267,-51.150739981921966,-53.35415990261173,-4.5415654929107845
2020Q4,S08000015,NHS Ayrshire and Arran,A210H,-67.30823426677516,-64.93285204458307,-67.54233152401706,-69.14895668776425,-4.980681043872161
2020Q4,S08000015,NHS Ayrshire and Arran,S08000015,-2.0669617163157117,5.048848423847474,-2.7682348088325703,-8.415033702877261,-5.838059999881698
2021Q1,S08000015,NHS Ayrshire and Arran,A111H,-50.6972830293528,-47.114949840209064,-49.96255648999818,-51.33274679421008,-2.7698176386967353
2021Q1,S08000015,NHS Ayrshire and Arran,A210H,-68.11622045368844,-65.79954647135813,-67.64107708539184,-69.99145105622854,-7.2934720466533864
2021Q1,S08000015,NHS Ayrshire and Arran,S08000015,-3.5440093674955797,3.4644785570193553,-2.106588053785101,-7.789317512012964,-5.835512126918277
2021Q2,S08000015,NHS Ayrshire and Arran,A111H,-50.29829122591144,-46.686967310343526,-50.11193065112996,-50.843278917289425,-1.4978778880098587
2021Q2,S08000015,NHS Ayrshire and Arran,A210H,-68.98644491634747,-66.73300140418462,-68.87015708452105,-70.24463418213374,-4.446248450102759
2021Q2,S08000015,NHS Ayrshire and Arran,S08000015,-3.570682914243749,3.435866911568735,-3.209113394781743,-6.8509990164629,-3.793788848197537
2021Q3,S08000015,NHS Ayrshire and Arran,A111H,-47.070792069382975,-43.22495821081843,-47.44980440250851,-47.436289245004936,-0.0066639550108896035
2021Q3,S08000015,NHS Ayrshire and Arran,A210H,-68.71526385774108,-66.4421163421033,-68.9392857409334,-69.65670999018693,-2.341374507540156
2021Q3,S08000015,NHS Ayrshire and Arran,S08000015,0.136940083751766,7.412885629205004,-0.5801145780702505,-2.2438781811248973,-1.7053040793812144
2020Q1,S08000016,NHS Borders,B120H,0.35516031153431543,12.722532412969906,0.7344709705443941,-10.729898297863793,-11.332178765434547
2020Q1,S08000016,NHS Borders,S08000016,0.8005089698952645,13.222764074414375,1.1815029055058464,-10.227853970881876,-11.227469716664787
2020Q2,S08000016,NHS Borders,B120H,-16.568088706181754,-6.2862707219198795,-16.252742557990793,-41.88974839449968,-30.574298028700696
2020Q2,S08000016,NHS Borders,S08000016,-16.568088706181754,-6.2862707219198795,-16.252742557990793,-41.88974839449968,-30.574298028700696
2020Q3,S08000016,NHS Borders,B120H,-16.294027993344244,-5.978435853338668,-16.890932439340435,-26.679700246423547,-11.729834781644874
2020Q3,S08000016,NHS Borders,S08000016,-16.294027993344244,-5.978435853338668,-16.890932439340435,-26.679700246423547,-11.729834781644874
2020Q4,S08000016,NHS Borders,B120H,-11.546904931694566,-0.6462961654141186,-12.177660951159908,-15.416444910655326,-3.63506065250418
2020Q4,S08000016,NHS Borders,S08000016,-11.546904931694566,-0.6462961654141186,-12.177660951159908,-15.416444910655326,-3.63506065250418
2021Q1,S08000016,NHS Borders,B120H,-2.1358558105065977,9.924533339615683,-0.6744710730648725,-4.8793348478261684,-4.180895103463152
2021Q1,S08000016,NHS Borders,S08000016,-2.1358558105065977,9.924533339615683,-0.6744710730648725,-4.8793348478261684,-4.180895103463152
2021Q2,S08000016,NHS Borders,B120H,-3.6970230854202546,8.170973998947714,-3.3330283937202405,-2.10135623852623,1.3296819759056726
2021Q2,S08000016,NHS Borders,S08000016,-3.6970230854202546,8.170973998947714,-3.3330283937202405,-2.10135623852623,1.3296819759056726
2021Q3,S08000016,NHS Borders,B120H,-6.2174028552651865,5.339992618245504,-6.886163373192284,-5.506526456316629,1.5373231236375307
2021Q3,S08000016,NHS Borders,S08000016,-6.2174028552651865,5.339992618245504,-6.886163373192284,-5.506526456316629,1.5373231236375307
2020Q1,S08000017,NHS Dumfries and Galloway,Y144H,-94.13449654671028,-93.11845670949252,-94.11167725034946,-94.76733507921129,-11.339387139263552
2020Q1,S08000017,NHS Dumfries and Galloway,Y146H,-24.39985459832788,-11.304174058838436,-24.105737965956727,-20.35938782862434,4.69478697386679
2020Q1,S08000017,NHS Dumfries and Galloway,S08000017,-5.291166848418757,11.114577037802432,-4.922709315508657,0.1706031400459964,5.114565982488499
2020Q2,S08000017,NHS Dumfries and Galloway,Y144H,-92.84623773173392,-91.60704189655509,-92.81840656215155,-97.16792284719092,-60.65553217238455
2020Q2,S08000017,NHS Dumfries and Galloway,Y146H,-33.72591784805525,-22.24572553759772,-33.46808355749332,-47.837727700619446,-21.778547013418518
2020Q2,S08000017,NHS Dumfries and Galloway,S08000017,-14.556161395856053,0.2446727623652368,-14.223748621600205,-36.15669363987977,-25.74123568949717
2020Q3,S08000017,NHS Dumfries and Galloway,Y144H,-94.55616139585605,-93.61316358957363,-94.59438491814971,-97.02595420383867,-45.10889867382488
2020Q3,S08000017,NHS Dumfries and Galloway,Y146H,-28.70956015994184,-16.36041955042598,-29.210120869893036,-26.2450191735571,3.9488272484805997
2020Q3,S08000017,NHS Dumfries and Galloway,S08000017,-5.861141403126136,10.445869806796251,-6.522130646550163,-11.84223702631566,-5.908332173528885
2020Q4,S08000017,NHS Dumfries and Galloway,Y144H,-94.0007270083606,-92.96151521650128,-94.0428504733669,-97.65937853627851,-60.79945613920254
2020Q4,S08000017,NHS Dumfries and Galloway,Y146H,-28.276263177026536,-15.852065583997815,-28.77986625066457,-25.11704964038885,4.900986533600878
2020Q4,S08000017,NHS Dumfries and Galloway,S08000017,-11.342784442021083,4.014680365741916,-11.965284722024435,-13.017628702019502,-1.422752045422351
2021Q1,S08000017,NHS Dumfries and Galloway,Y144H,-95.68738640494365,-94.94034273682568,-95.62250415890712,-98.19946404848952,-58.96301310451486
2021Q1,S08000017,NHS Dumfries and Galloway,Y146H,-29.427844420210832,-17.20312713235724,-28.366103120942693,-25.447423900053547,3.8349331556942534
2021Q1,S08000017,NHS Dumfries and Galloway,S08000017,-20.857869865503453,-7.148636266157173,-19.66719533692332,-18.90663079927797,0.7144591978281353
2021Q2,S08000017,NHS Dumfries and Galloway,Y144H,-97.35078153398764,-96.89187608445597,-97.34047495045529,-99.42810533915464,-78.5458473116551
2021Q2,S08000017,NHS Dumfries and Galloway,Y146H,-27.604507451835698,-15.063946347454817,-27.322858278358765,-21.76344058878361,7.401739372822621
2021Q2,S08000017,NHS Dumfries and Galloway,S08000017,-21.113776808433297,-7.448872165792602,-20.806875939627965,-16.777341030754588,4.846399751953084
2021Q3,S08000017,NHS Dumfries and Galloway,Y144H,-98.82806252271901,-98.62505605053322,-98.83629119765722,-99.81031142985759,-83.73716507111925
2021Q3,S08000017,NHS Dumfries and Galloway,Y146H,-22.291530352599054,-8.830639658432922,-22.83715479850221,-17.01125056269629,7.3026376543030835
2021Q3,S08000017,NHS Dumfries and Galloway,S08000017,-17.374045801526716,-3.0613339052112356,-17.9541980124932,-12.492597838232488,6.411321561646939
2020Q1,S08000029,NHS Fife,F704H,-29.020372826003577,-17.46561290207482,-28.746739104287702,-31.949224981350486,-4.496166103414929
2020Q1,S08000029,NHS Fife,F805H,-88.74924656708566,-86.91773856885447,-88.70587376200724,-88.94741234664603,-2.140316860659611
2020Q1,S08000029,NHS Fife,S08000029,1.4547008734342262,17.97049221272724,1.8458191208929704,-0.7075781569153656,-2.5088095883872925
2020Q2,S08000029,NHS Fife,F704H,-25.780008548038886,-13.697750343424973,-25.493882890645164,-52.517925854069844,-36.27200921706042
2020Q2,S08000029,NHS Fife,F805H,-86.8927878661684,-84.75906731129467,-86.84225822294121,-92.67578037877223,-44.336248258408155
2020Q2,S08000029,NHS Fife,S08000029,5.259674078620036,22.394876277808503,5.665460886912618,-30.46826419241275,-34.197484705892435
2020Q3,S08000029,NHS Fife,F704H,-24.360814913040148,-12.04752644818297,-24.894552704707657,-40.463133938310804,-20.730337631047764
2020Q3,S08000029,NHS Fife,F805H,-87.46506811033545,-85.42450894688955,-87.55351918047589,-92.43478653607418,-39.2191054292651
2020Q3,S08000029,NHS Fife,S08000029,5.345592828414555,22.49478172443937,4.60223574420615,-17.230790273396025,-20.873798699654905
2020Q4,S08000029,NHS Fife,F704H,-23.751712347532578,-11.339268192603429,-24.2897481899768,-36.87448432980841,-16.623679868931898
2020Q4,S08000029,NHS Fife,F805H,-87.56172670385429,-85.53690257434927,-87.64949571555914,-91.03014727667517,-27.37383753801722
2020Q4,S08000029,NHS Fife,S08000029,5.66625387675481,22.867643123472426,4.920634090752112,-12.46422754068135,-16.57098098700688
2021Q1,S08000029,NHS Fife,F704H,-25.655733213514672,-13.553244250976753,-24.539896556019134,-35.61835856139196,-14.682695905638495
2021Q1,S08000029,NHS Fife,F805H,-87.85783953796754,-85.88121956005924,-87.67559727060294,-90.13009175459537,-19.917115251761683
2021Q1,S08000029,NHS Fife,S08000029,3.2052954004975365,20.00606568783116,4.754308617431511,-10.109778968425452,-14.190962903369229
2021Q2,S08000029,NHS Fife,F704H,-25.094192813071928,-12.90029079621073,-24.80542326588275,-35.19229630996748,-13.814820683681686
2021Q2,S08000029,NHS Fife,F805H,-87.54024701640566,-85.51192621269156,-87.49221339441715,-91.74637451485604,-34.01324520204993
2021Q2,S08000029,NHS Fife,S08000029,4.688928097842164,21.731218668046314,5.092514622009661,-10.614077654380402,-14.946964667124407
2021Q3,S08000029,NHS Fife,F704H,-23.92048132034324,-11.535511034199775,-24.457326267106254,-33.15121607853891,-11.510114273549707
2021Q3,S08000029,NHS Fife,F805H,-85.40762090543458,-83.03213030524682,-85.51059007656134,-90.32517070007896,-33.2294294979658
2021Q3,S08000029,NHS Fife,S08000029,8.36962596850376,26.01109664067936,7.6049301989530305,-6.788988969288625,-13.378136270585907
2020Q1,S08000019,NHS Forth Valley,V217H,-2.522653979329211,12.08615537644473,-2.1371325495616724,-19.647476191945895,-18.525536878254584
2020Q1,S08000019,NHS Forth Valley,S08000019,17.22035138918265,34.788020555085694,17.68395610669134,-1.0613109200884208,-16.57642167164507
2020Q2,S08000019,NHS Forth Valley,V217H,-5.388949753675853,8.790291397442505,-5.0147644803608,-45.566344477566155,-43.13417835070176
2020Q2,S08000019,NHS Forth Valley,S08000019,17.54307999058906,35.15911609305809,18.007961094837036,-27.800044140737928,-39.289257109719294
2020Q3,S08000019,NHS Forth Valley,V217H,-16.968917765995624,-4.5251521068143,-17.546612274886094,-33.06880960015841,-19.451034495995682
2020Q3,S08000019,NHS Forth Valley,S08000019,6.412270341051409,22.36014576020616,5.671899595535378,-13.070357897351192,-18.37028146707692
2020Q4,S08000019,NHS Forth Valley,V217H,-16.72271244121135,-4.242048294340516,-17.3021199407116,-26.919238221840303,-12.310294611589535
2020Q4,S08000019,NHS Forth Valley,S08000019,6.695073754654966,22.68533257183145,5.95273538478985,-6.63400910145247,-12.558729472266023
2021Q1,S08000019,NHS Forth Valley,V217H,-15.987423565842102,-3.396562584114757,-14.717990152842196,-22.041447667859817,-9.291860167049045
2021Q1,S08000019,NHS Forth Valley,S08000019,6.883054847226742,22.90148615838238,8.498062110013253,-3.5671577985340397,-11.805214620392238
2021Q2,S08000019,NHS Forth Valley,V217H,-15.381891550832133,-2.700280234517073,-15.047228211243159,-23.145822589190157,-10.230284840088284
2021Q2,S08000019,NHS Forth Valley,S08000019,7.415390684598144,23.513602509677046,7.8402169307598255,-7.19205737804719,-14.602665675935807
2021Q3,S08000019,NHS Forth Valley,V217H,-13.24755755287117,-0.24607623854501734,-13.851143683343382,-20.28347466537226,-8.179687568684903
2021Q3,S08000019,NHS Forth Valley,S08000019,11.248208713672236,27.92084023899865,10.4741915917869,-5.602749911079787,-15.211210969795356
2020Q1,S08000020,NHS Grampian,N101H,-31.516762373530216,-18.96972112791258,-31.25188912040161,-33.37708172100693,-3.0730846409439203
2020Q1,S08000020,NHS Grampian,N411H,-89.10626196335795,-87.11038406386052,-89.064128151749415,-89.18150500812638,-1.0547512996572306
2020Q1,S08000020,NHS Grampian,T312H,-99.90710053778142,-99.89008011899647,-99.90674122967006,-99.8896690525316,18.328448826779976
2020Q1,S08000020,NHS Grampian,S08000020,3.4542703491021762,22.408470560625897,3.854401389735377,-1.3350346913940263,-4.9790060230937545
2020Q2,S08000020,NHS Grampian,N101H,-42.82701668033908,-32.35216466239757,-42.605888202658974,-54.57274791488058,-20.835470312088574
2020Q2,S08000020,NHS Grampian,N411H,-89.9178561662565,-88.0706731341661,-89.87886136507142,-93.53048422317185,-36.06717264685116
2020Q2,S08000020,NHS Grampian,S08000020,-13.64127244553824,2.180796634415441,-13.307261994277749,-32.049473067403696,-21.604412723311803
2020Q3,S08000020,NHS Grampian,N101H,-43.33336979309088,-32.951288409405834,-43.73252365788716,-46.96559250114257,-5.728201476063083
2020Q3,S08000020,NHS Grampian,N411H,-91.26642967824264,-89.66632327488772,-91.32794804160166,-92.1185327525837,-9.099407867960473
2020Q3,S08000020,NHS Grampian,S08000020,-15.422696199070279,0.07299232286419051,-16.018449953315468,-21.37600818504869,-6.3618743538465425
2020Q4,S08000020,NHS Grampian,N101H,-42.010318111384564,-31.385836038190696,-42.418791414978415,-42.84377221365476,-0.7194234370055873
2020Q4,S08000020,NHS Grampian,N411H,-90.86420563303254,-89.19040642746582,-90.92855722084082,-91.78514141132051,-9.42564817706527
2020Q4,S08000020,NHS Grampian,S08000020,-14.893883875672229,0.6986901070381434,-15.493362529066435,-19.147802745958682,-4.306483561011936
2021Q1,S08000020,NHS Grampian,N101H,-37.890073831009026,-26.510708129067,-36.95707125695967,-35.96269218992654,1.596370502375191
2021Q1,S08000020,NHS Grampian,N411H,-91.08981861270622,-89.45735470990297,-90.95597169511413,-91.29611414415986,-3.742897952550656
2021Q1,S08000020,NHS Grampian,S08000020,-10.712387202625106,5.646292662977354,-9.371126993363044,-11.433670768869447,-2.2574705135996664
2021Q2,S08000020,NHS Grampian,N101H,-39.58574423480084,-28.51704793507653,-39.3520794576308,-37.49569961716233,3.080256887865434
2021Q2,S08000020,NHS Grampian,N411H,-91.50837662929541,-89.952598129809,-91.47553349885217,-91.34568897769877,1.5422538741951686
2021Q2,S08000020,NHS Grampian,T312H,-99.97447816972017,-99.96980223049354,-99.97437945870055,-99.96968930014604,18.328448826779976
2021Q2,S08000020,NHS Grampian,S08000020,-13.032832011667125,2.9007114594495644,-12.696468289699224,-11.824961696850773,1.0172060873633963
2021Q3,S08000020,NHS Grampian,N101H,-37.47253668763103,-26.016672619941236,-37.91297365284157,-36.10758817093758,2.927146045557579
2021Q3,S08000020,NHS Grampian,N411H,-91.97797830644426,-90.50823708872795,-92.03448459507958,-91.27785890285168,9.519318951027053
2021Q3,S08000020,NHS Grampian,S08000020,-11.000273448181572,5.30566182294443,-11.627178289518655,-9.47945384932597,2.449525646870604
2020Q1,S08000031,NHS Greater Glasgow and Clyde,C206H,-97.95341218298523,-97.65041456825169,-97.94557083003797,-98.06290229727736,-5.717453037053568
2020Q1,S08000031,NHS Greater Glasgow and Clyde,C313H,-92.45964651908031,-91.3432961235722,-92.43075620101062,-92.27246579846458,2.084403392511914
2020Q1,S08000031,NHS Greater Glasgow and Clyde,C418H,-87.09006836080647,-85.17875116223419,-87.04060489304493,-87.13500160792422,-0.7350431305465949
2020Q1,S08000031,NHS Greater Glasgow and Clyde,G107H,-77.32993282856138,-73.9736261889496,-77.2430741086219,-77.44662525609262,-0.9010863280496931
2020Q1,S08000031,NHS Greater Glasgow and Clyde,G207H,-98.72944486951859,-98.54133900339217,-98.72457682958684,-98.5525513107534,13.480130789687099
2020Q1,S08000031,NHS Greater Glasgow and Clyde,G306H,-98.61026941568426,-98.40451960682233,-98.6049447636353,-98.41874813996735,13.339318941578357
2020Q1,S08000031,NHS Greater Glasgow and Clyde,G405H,-63.10071777752895,-57.637773844296234,-62.959340851016485,-63.49644143572335,-1.4566209263497942
2020Q1,S08000031,NHS Greater Glasgow and Clyde,G516H,-90.41305870206554,-88.99371069182389,-90.37632703104859,-90.6446876560243,-2.7950484381085436
2020Q1,S08000031,NHS Greater Glasgow and Clyde,S08000031,-0.7282391926141496,13.968958985234838,-0.3478866332388316,-1.8651607912889097,-1.52915728354803
2020Q2,S08000031,NHS Greater Glasgow and Clyde,C206H,-97.65519510107737,-97.3080464053398,-97.64621115098636,-98.64560387556861,-42.46274294563866
2020Q2,S08000031,NHS Greater Glasgow and Clyde,C313H,-93.80120571668263,-92.88347334944477,-93.7774554854837,-94.90521164090939,-18.129189741891373
2020Q2,S08000031,NHS Greater Glasgow and Clyde,C418H,-88.01507036463273,-86.24069984308696,-87.96915097503322,-90.49163223044891,-20.97206259314371
2020Q2,S08000031,NHS Greater Glasgow and Clyde,D102H,-99.98329316067743,-99.98081971076124,-99.98322914963296,-99.98074774521064,14.788259098501953
2020Q2,S08000031,NHS Greater Glasgow and Clyde,G107H,-80.4861332239168,-77.597102497639,-80.41136725712798,-84.4791530597322,-20.771351994782638
2020Q2,S08000031,NHS Greater Glasgow and Clyde,G207H,-98.78680501785941,-98.60719132977859,-98.78215674918033,-98.669027452229,9.282005678353492
2020Q2,S08000031,NHS Greater Glasgow and Clyde,G306H,-98.76954128389276,-98.5873716975652,-98.76482687046772,-98.85545345277264,-7.343353653687148
2020Q2,S08000031,NHS Greater Glasgow and Clyde,G405H,-64.21227948712391,-58.913902421648515,-64.07516142877,-72.14359167436379,-22.464382975923577
2020Q2,S08000031,NHS Greater Glasgow and Clyde,G516H,-92.31234788571965,-91.1741899067838,-92.28289320360791,-94.99313027111413,-35.12419881295865
2020Q2,S08000031,NHS Greater Glasgow and Clyde,S08000031,-9.438628320757795,3.9689955191191006,-9.091648986266362,-30.12105340380431,-23.13767413236299
2020Q3,S08000031,NHS Greater Glasgow and Clyde,C206H,-97.96232249729061,-97.6606440558457,-97.9767488130935,-98.48862126903437,-25.304497153994774
2020Q3,S08000031,NHS Greater Glasgow and Clyde,C313H,-93.69010523518754,-92.75592442600701,-93.73477792477613,-94.11984171595965,-6.152328832887081
2020Q3,S08000031,NHS Greater Glasgow and Clyde,C418H,-88.2592686660643,-86.5210517374602,-88.34239050342815,-88.53643671067881,-1.6711222488131932
2020Q3,S08000031,NHS Greater Glasgow and Clyde,D102H,-99.9434751936253,-99.93510668807552,-99.9438753770235,-99.93557121327467,14.788259098501953
2020Q3,S08000031,NHS Greater Glasgow and Clyde,G107H,-78.86891117749207,-75.74045049932685,-79.01851471397273,-80.04580172311215,-4.90252028908121
2020Q3,S08000031,NHS Greater Glasgow and Clyde,G207H,-98.7639723374519,-98.58097826781895,-98.77272314584887,-98.63810874956458,10.9611218273647
2020Q3,S08000031,NHS Greater Glasgow and Clyde,G306H,-98.76313699548578,-98.58001925335701,-98.7718937179231,-98.66222987168833,8.922222444886504
2020Q3,S08000031,NHS Greater Glasgow and Clyde,G405H,-62.813081693858706,-57.30755319790222,-63.076357028894456,-65.41919760371883,-6.351359717737945
2020Q3,S08000031,NHS Greater Glasgow and Clyde,G516H,-92.55097724071035,-91.44814837141077,-92.60371471001329,-93.46825403543205,-11.694737879516671
2020Q3,S08000031,NHS Greater Glasgow and Clyde,S08000031,-6.8220588355213705,6.972948485396499,-7.48173849695672,-13.938375327879143,-6.984991551516604
2020Q4,S08000031,NHS Greater Glasgow and Clyde,C206H,-98.02720072332659,-97.73512751238955,-98.0411677153276,-98.2905741610708,-12.7382408603343
2020Q4,S08000031,NHS Greater Glasgow and Clyde,C313H,-93.21952926093518,-92.21567961244855,-93.2675335265974,-93.50729216729025,-3.567680326144529
2020Q4,S08000031,NHS Greater Glasgow and Clyde,C418H,-87.79231250699847,-85.9849626532368,-87.87874029292773,-87.74202659652363,1.121119996860139
2020Q4,S08000031,NHS Greater Glasgow and Clyde,G107H,-77.17066096035288,-73.79077409820673,-77.33228774090045,-78.20973999303315,-3.8773635572675174
2020Q4,S08000031,NHS Greater Glasgow and Clyde,G207H,-98.70577684714495,-98.51416692697059,-98.71493966702084,-98.58701005664449,9.94779034133621
2020Q4,S08000031,NHS Greater Glasgow and Clyde,G306H,-98.6631744068724,-98.46525718941174,-98.67263884280705,-98.54511547611374,9.599954115295358
2020Q4,S08000031,NHS Greater Glasgow and Clyde,G405H,-63.00242587284783,-57.52492980927485,-63.26436069206696,-64.4635568311574,-3.27086417290478
2020Q4,S08000031,NHS Greater Glasgow and Clyde,G516H,-92.41843631541796,-91.29598474344994,-92.47211214579252,-93.7189867522449,-16.56898605996203
2020Q4,S08000031,NHS Greater Glasgow and Clyde,S08000031,-4.027839958821623,10.180851860579397,-4.7073020852859475,-9.497549791618951,-5.0332299729420695
2021Q1,S08000031,NHS Greater Glasgow and Clyde,C206H,-98.01801196169917,-97.72457835330823,-97.98831165276965,-97.96448762298006,1.177513007024621
2021Q1,S08000031,NHS Greater Glasgow and Clyde,C313H,-93.08726678296483,-92.06383565597503,-92.9836787147597,-93.12584694862949,-2.0328029574212616
2021Q1,S08000031,NHS Greater Glasgow and Clyde,C418H,-87.75193764530226,-85.93861028757647,-87.56839908266073,-87.31681776301551,2.016900741985961
2021Q1,S08000031,NHS Greater Glasgow and Clyde,G107H,-78.11431893475601,-74.87414076870945,-77.786359594836,-78.38249518756521,-2.690155192912332
2021Q1,S08000031,NHS Greater Glasgow and Clyde,G207H,-98.77316109907932,-98.59152742690026,-98.75477678309962,-98.62309299839454,10.56771938584711
2021Q1,S08000031,NHS Greater Glasgow and Clyde,G306H,-98.56683163344559,-98.35465085480156,-98.54535544771079,-98.37425047477734,11.755190663025697
2021Q1,S08000031,NHS Greater Glasgow and Clyde,G405H,-63.71914927978606,-58.34776421761773,-63.17547673797819,-64.12806869780616,-2.5933563800850097
2021Q1,S08000031,NHS Greater Glasgow and Clyde,G516H,-92.49027572450501,-91.3784599871766,-92.37774167957261,-93.21506688864869,-10.991217555544257
2021Q1,S08000031,NHS Greater Glasgow and Clyde,S08000031,-5.710775573248457,8.248757391261465,-4.297841165935221,-7.529534238787441,-3.3832858767192984
2021Q2,S08000031,NHS Greater Glasgow and Clyde,C206H,-97.9765233107148,-97.67694730169865,-97.96877050637903,-98.00418292016982,-1.7499695069929637
2021Q2,S08000031,NHS Greater Glasgow and Clyde,C313H,-93.09032970350731,-92.06735204233546,-93.06385580236628,-92.9758148401025,1.2625339482291598
2021Q2,S08000031,NHS Greater Glasgow and Clyde,C418H,-87.88754149113713,-86.09429030189776,-87.84113348389816,-87.35191034521768,4.0166344171206765
2021Q2,S08000031,NHS Greater Glasgow and Clyde,G107H,-77.79243383047451,-74.50460052937598,-77.70734714961604,-77.9629065553606,-1.1529954657887895
2021Q2,S08000031,NHS Greater Glasgow and Clyde,G207H,-98.73028021148473,-98.54229801785411,-98.72541537210518,-98.55351392349284,13.479270178957663
2021Q2,S08000031,NHS Greater Glasgow and Clyde,G306H,-98.7620232061976,-98.57874056740775,-98.75727998780256,-98.6231429116477,10.78641920640393
2021Q2,S08000031,NHS Greater Glasgow and Clyde,G405H,-63.028599921119856,-57.554978929082246,-62.886946680265424,-63.143483431251774,-0.6978724245138439
2021Q2,S08000031,NHS Greater Glasgow and Clyde,G516H,-92.39476829304432,-91.26881266702836,-92.36562939875196,-92.94565297426583,-7.603709725018659
2021Q2,S08000031,NHS Greater Glasgow and Clyde,S08000031,-4.7370452880646985,9.366648582393962,-4.372052178809356,-5.604269542295523,-1.295155555176523
2021Q3,S08000031,NHS Greater Glasgow and Clyde,C206H,-97.89800116589872,-97.58679994227646,-97.9128828628099,-97.92843994602843,-0.7520244885518241
2021Q3,S08000031,NHS Greater Glasgow and Clyde,C313H,-93.02517303014929,-91.9925489143043,-93.07455329587032,-93.02772617348742,0.6694269581975596
2021Q3,S08000031,NHS Greater Glasgow and Clyde,C418H,-87.35459331674716,-85.48243907518125,-87.44412005982893,-86.80511143192672,5.08228924475096
2021Q3,S08000031,NHS Greater Glasgow and Clyde,G107H,-77.32519922408665,-73.96819177366528,-77.48573190716627,-77.22553473374622,1.1489335789078736
2021Q3,S08000031,NHS Greater Glasgow and Clyde,G207H,-98.72888797487451,-98.54069966041754,-98.7378871729669,-98.56733229912246,13.505849194006107
2021Q3,S08000031,NHS Greater Glasgow and Clyde,G306H,-98.64117706843102,-98.44000314191405,-98.65079724076199,-98.46672182921147,13.635672070668656
2021Q3,S08000031,NHS Greater Glasgow and Clyde,G405H,-62.84593847785976,-57.345274433405116,-63.10898119397439,-62.287577709044776,2.219730582849048
2021Q3,S08000031,NHS Greater Glasgow and Clyde,G516H,-91.7281654040738,-90.50351912640176,-91.78672820313864,-92.08763717703211,-3.670135007720287
2021Q3,S08000031,NHS Greater Glasgow and Clyde,S08000031,-2.7692580631880555,11.62576698323278,-3.4576306771392615,-2.637312229707548,0.8429528961970512
2020Q1,S08000022,NHS Highland,C121H,-91.17165331176946,-90.03979371627528,-91.1369668162571,-92.57981027641561,-16.285172979965527
2020Q1,S08000022,NHS Highland,H103H,-92.93773432331103,-92.03229942656574,-92.90998674436422,-92.23712479436506,9.482651614585203
2020Q1,S08000022,NHS Highland,H202H,-28.020877747555684,-18.792619833161655,-27.73807241727551,-30.721583975657925,-4.135423704918793
2020Q1,S08000022,NHS Highland,H212H,-94.58031316621333,-93.88546907319954,-94.55901926491138,-93.9388962358406,11.389506710630338
2020Q1,S08000022,NHS Highland,S08000022,1.6608101154157215,14.694480798992792,2.0602345329629004,-1.9802961647650834,-3.965656071449156
2020Q2,S08000022,NHS Highland,C121H,-91.43306623538925,-90.33472171768192,-91.39940682892565,-95.26301428893387,-44.9264058870005
2020Q2,S08000022,NHS Highland,H103H,-93.69521429096523,-92.8868939503267,-93.67044284406516,-94.28624410540203,-9.735266087114336
2020Q2,S08000022,NHS Highland,H202H,-41.083290450635886,-33.52973083258275,-40.85180722353161,-53.89364990479044,-22.054864960907505
2020Q2,S08000022,NHS Highland,H212H,-94.65853120635154,-93.97371524684877,-94.6375446230327,-96.06261374705184,-26.580050881192747
2020Q2,S08000022,NHS Highland,S08000022,-12.459604499007567,-1.2362758124204878,-12.115659064723342,-33.78477257031387,-24.661646482971594
2020Q3,S08000022,NHS Highland,C121H,-93.01595236344924,-92.12054560021498,-93.06472392745849,-94.11315296906018,-15.123248974734654
2020Q3,S08000022,NHS Highland,H103H,-94.10894655590678,-93.35366976357656,-94.15008543483236,-93.40064386895816,12.80329660349603
2020Q3,S08000022,NHS Highland,H202H,-38.071895905315,-30.132253147087468,-38.5043572300372,-39.817192515656274,-2.1416591985891658
2020Q3,S08000022,NHS Highland,H212H,-95.14430640299933,-94.52177043056503,-95.17821507364415,-94.9617074960425,4.4829177950991355
2020Q3,S08000022,NHS Highland,S08000022,-10.808792178195981,0.6261829051237471,-11.431639404864129,-14.830951063535645,-3.844763256173895
2020Q4,S08000022,NHS Highland,C121H,-92.33874880541057,-91.35651951783088,-92.39224947185396,-93.67504057741169,-16.86742542090554
2020Q4,S08000022,NHS Highland,H103H,-92.86980813055943,-91.95566459155458,-92.91960026074749,-92.01251934384035,12.80329660349603
2020Q4,S08000022,NHS Highland,H202H,-33.46114827611556,-24.93037343723823,-33.92580774507022,-33.204001256457126,1.0853769724083688
2020Q4,S08000022,NHS Highland,H212H,-95.08873042711167,-94.45906920191952,-95.12302720038785,-94.5581829247873,11.574090521479697
2020Q4,S08000022,NHS Highland,S08000022,-4.1726089833125,8.113174058942468,-4.8417985390009335,-5.395393660243141,-0.5886875083614062
2021Q1,S08000022,NHS Highland,C121H,-91.83650665294421,-90.78988619229372,-91.71337049762464,-93.32706148364738,-19.479038657464137
2021Q1,S08000022,NHS Highland,H103H,-92.86774976108211,-91.95334232382696,-92.76016862689596,-91.8326626777952,12.80329660349603
2021Q1,S08000022,NHS Highland,H202H,-35.24163787399838,-26.939135021621976,-34.264838433123735,-31.57821997432578,4.079784298219469
2021Q1,S08000022,NHS Highland,H212H,-94.9075939131074,-94.25470964188973,-94.83078129377795,-94.33825562830131,9.520419741955333
2021Q1,S08000022,NHS Highland,S08000022,-5.928398147467466,6.132279687290057,-4.509444902279671,-2.7438657282849723,1.8418629634775328
2021Q2,S08000022,NHS Highland,C121H,-91.74593839594208,-90.68770641227883,-91.71350826141081,-93.2488628842286,-18.534078063909107
2021Q2,S08000022,NHS Highland,H103H,-93.39880908623098,-92.55248739755068,-93.37287306592131,-92.52386162628491,12.80329660349603
2021Q2,S08000022,NHS Highland,H202H,-36.91097552010586,-28.822494148714714,-36.66309930479837,-33.985255233282224,4.220677103354009
2021Q2,S08000022,NHS Highland,H212H,-94.72234066014849,-94.04570554640472,-94.70160478360532,-94.51470109343575,3.520342007810524
2021Q2,S08000022,NHS Highland,S08000022,-8.696905094464453,3.0088295936529055,-8.33817604773055,-6.444532206444031,2.058793410093159
2021Q3,S08000022,NHS Highland,C121H,-91.41454091009336,-90.31382130813341,-91.47449557955478,-91.84649780595251,-4.3700655022867725
2021Q3,S08000022,NHS Highland,H103H,-92.91303388958318,-92.00443221383442,-92.96252416216906,-92.06094229239099,12.80329660349603
2021Q3,S08000022,NHS Highland,H202H,-28.241123281629047,-19.04110248001606,-28.74223564958975,-26.929770637112323,2.5363910868047164
2021Q3,S08000022,NHS Highland,H212H,-93.88870102183341,-93.10518711672215,-93.93137793711296,-93.37989117672218,9.07991396047056
2021Q3,S08000022,NHS Highland,S08000022,2.276262589134754,15.388838849548561,1.5620387540354728,4.436770750225895,2.8233559363536895
2020Q1,S08000032,NHS Lanarkshire,L106H,-66.37898686679173,-61.84396477143886,-66.24839092142857,-69.59701380285381,-9.925802750944595
2020Q1,S08000032,NHS Lanarkshire,L302H,-65.5777368741899,-60.934636940553155,-65.44402858953339,-68.08668165197719,-7.6519990488656005
2020Q1,S08000032,NHS Lanarkshire,L308H,-67.92182811418019,-63.594914534736894,-67.7972251116962,-68.53222963648578,-2.287231941621607
2020Q1,S08000032,NHS Lanarkshire,S08000032,1.6303170554151603,15.338878768827334,2.0250852701868274,-4.585710325964309,-6.484178068160184
2020Q2,S08000032,NHS Lanarkshire,L106H,-68.55818798420937,-64.31711078511975,-68.43605682927169,-80.5582493878408,-38.40821999085008
2020Q2,S08000032,NHS Lanarkshire,L302H,-61.482827398038594,-56.287379298115525,-61.33321303190572,-81.8146569458513,-52.97139974731588
2020Q2,S08000032,NHS Lanarkshire,L308H,-67.01948970472476,-62.57086282032682,-66.89138169966536,-73.89107689931487,-21.145489096384413
2020Q2,S08000032,NHS Lanarkshire,S08000032,4.447535230023502,18.53610175229312,4.853246519869958,-35.15766493248986,-38.16200434065998
2020Q3,S08000032,NHS Lanarkshire,L106H,-67.79008173483821,-63.445397342274816,-68.0164347328553,-72.764053094175,-14.848119098847173
2020Q3,S08000032,NHS Lanarkshire,L302H,-65.75505590047408,-61.13587391657129,-65.99570990338222,-75.36066496750718,-27.544074098140214
2020Q3,S08000032,NHS Lanarkshire,L308H,-69.48455560750706,-65.36843293085938,-69.69900080625615,-70.66883660954451,-3.205433406110083
2020Q3,S08000032,NHS Lanarkshire,S08000032,-1.5050810542077706,11.780557660170112,-2.197247361780949,-17.780493224781,-15.937475287546203
2020Q4,S08000032,NHS Lanarkshire,L106H,-67.0816342232823,-62.64138979790327,-67.31296578774152,-70.55119076415082,-9.911187685645311
2020Q4,S08000032,NHS Lanarkshire,L302H,-65.69208278833577,-61.064406579293824,-65.93317933048321,-72.43072319889288,-19.076918937300352
2020Q4,S08000032,NHS Lanarkshire,L308H,-67.15537905197057,-62.725081811294,-67.38619237968902,-69.19826354212337,-5.560792090337992
2020Q4,S08000032,NHS Lanarkshire,S08000032,1.598830499346008,15.303145100188598,0.8848516655831283,-11.174585636206722,-11.957995337816394
2021Q1,S08000032,NHS Lanarkshire,L106H,-67.99723013003,-63.68048726752966,-67.51595246035109,-70.58206501775678,-9.443279408028513
2021Q1,S08000032,NHS Lanarkshire,L302H,-69.40832499807648,-65.28191983836561,-68.9482682556032,-71.41815972427956,-7.958645216708128
2021Q1,S08000032,NHS Lanarkshire,L308H,-66.1378661347885,-61.57032009844223,-65.62862618639588,-66.61538739183364,-2.8756578433536335
2021Q1,S08000032,NHS Lanarkshire,S08000032,-1.9889797053757916,11.231387594774812,-0.5150286804517886,-7.508454759935747,-7.034203105256625
2021Q2,S08000032,NHS Lanarkshire,L106H,-67.81411094868047,-63.47266777360438,-67.68908953450246,-70.29176659225705,-8.059624790252474
2021Q2,S08000032,NHS Lanarkshire,L302H,-66.98137440000947,-62.52760627407993,-66.85311834158139,-70.30403804098292,-10.41539962501046
2021Q2,S08000032,NHS Lanarkshire,L308H,-65.2371849124946,-60.5481491034342,-65.10215380317464,-66.07322010333979,-2.787377939368609
2021Q2,S08000032,NHS Lanarkshire,S08000032,1.4753700558117013,15.163031504736715,1.8695364014542637,-5.064296826273362,-6.811165086485505
2021Q3,S08000032,NHS Lanarkshire,L106H,-66.95651659258645,-62.49939548304935,-67.18872741263955,-69.09649054888598,-5.818984949680659
2021Q3,S08000032,NHS Lanarkshire,L302H,-68.43389894709429,-64.17605682996685,-68.65572756367803,-69.86492333268762,-3.8625170078232904
2021Q3,S08000032,NHS Lanarkshire,L308H,-66.57950651333739,-62.07153181908555,-66.81436674594156,-66.20389666769827,1.8345527246595428
2021Q3,S08000032,NHS Lanarkshire,S08000032,-0.4453098644065739,12.983277717773861,-1.144923641546405,-3.5798927280140482,-2.4679675043537044
2020Q1,S08000024,NHS Lothian,S116H,-66.53083372744122,-62.78318918727459,-66.40094592423542,-67.6586252968852,-3.730189265233883
2020Q1,S08000024,NHS Lothian,S308H,-85.72075275981703,-84.1218619323142,-85.66533757437871,-86.64720746758123,-6.837030280512717
2020Q1,S08000024,NHS Lothian,S314H,-60.120203532056145,-55.65474119340852,-59.965437228248845,-60.16297823018226,-0.47997744469241665
2020Q1,S08000024,NHS Lothian,S08000024,0.9987730815439858,12.307913483195232,1.3907311200326493,-3.644042554960889,-4.952869687388834
2020Q2,S08000024,NHS Lothian,S116H,-67.1357487462872,-63.45583838417512,-67.00820850926469,-79.73657223053738,-38.572094645710955
2020Q2,S08000024,NHS Lothian,S308H,-85.98569819304966,-84.41647411309025,-85.93131121309492,-91.88127727087738,-42.28445785178692
2020Q2,S08000024,NHS Lothian,S314H,-60.22145990554901,-55.767335551606095,-60.06708655948098,-71.66235490587331,-29.02727951268505
2020Q2,S08000024,NHS Lothian,S08000024,-0.49121707762563704,10.651084585365654,-0.10504142245048491,-33.93875425040955,-33.86035178531467
2020Q3,S08000024,NHS Lothian,S116H,-68.99456393429354,-65.52279077326321,-69.21256093031992,-76.75541030265136,-24.489558086753433
2020Q3,S08000024,NHS Lothian,S308H,-85.759576447063,-84.1650328261309,-85.8596998431702,-89.26856433284878,-24.097183624452136
2020Q3,S08000024,NHS Lothian,S314H,-55.952428241759144,-51.02028740314156,-56.262123557935475,-61.931698876422935,-12.950857925192752
2020Q3,S08000024,NHS Lothian,S08000024,2.772595873146977,14.280356618252208,2.0500091265293134,-17.362674349572895,-19.0117716615697
2020Q4,S08000024,NHS Lothian,S116H,-69.69601352683219,-66.30278381424847,-69.9090786811095,-74.50045920143585,-15.246904899440425
2020Q4,S08000024,NHS Lothian,S308H,-85.60900349787931,-83.99759976497698,-85.71018556158712,-88.21262396359221,-17.500894097966658
2020Q4,S08000024,NHS Lothian,S314H,-55.71161645194969,-50.7525111833867,-56.02300489853948,-59.23595204234717,-7.293444480724269
2020Q4,S08000024,NHS Lothian,S08000024,3.8937610034798937,15.527062024823268,3.1632914252857356,-10.111845198528535,-12.856305476564332
2021Q1,S08000024,NHS Lothian,S116H,-70.5695464898665,-67.27412892512392,-70.12705811648917,-74.21268375393821,-13.66500961275044
2021Q1,S08000024,NHS Lothian,S308H,-85.47312059251841,-83.84650163661858,-85.25470821783136,-87.71739327221928,-16.690242879026336
2021Q1,S08000024,NHS Lothian,S314H,-56.37739022377583,-51.49283367329718,-55.72152205525748,-58.50949184169985,-6.28378008874345
2021Q1,S08000024,NHS Lothian,S08000024,3.1031218591599568,14.647892606151023,4.653282568232166,-8.21321202626726,-12.28254760175252
2021Q2,S08000024,NHS Lothian,S116H,-70.6860175516044,-67.40364160657397,-70.57225526806174,-73.26103588181856,-9.124609316135933
2021Q2,S08000024,NHS Lothian,S308H,-85.93008588429193,-84.35463472465013,-85.87548308298815,-88.42449565878775,-18.035647631132836
2021Q2,S08000024,NHS Lothian,S314H,-56.15021918894469,-51.24022560542386,-55.98004609128753,-57.96933026831747,-4.506146395394527
2021Q2,S08000024,NHS Lothian,S08000024,3.9220918022810065,15.558565109500309,4.325394713946828,-6.3038260687862655,-10.176388409114985
2021Q3,S08000024,NHS Lothian,S116H,-69.83714287641551,-66.4597158471767,-70.04921576036334,-72.2234972751892,-7.246980224653295
2021Q3,S08000024,NHS Lothian,S308H,-85.60428169807912,-83.99234925086415,-85.7054969604225,-87.87087694337201,-15.13687239184975
2021Q3,S08000024,NHS Lothian,S314H,-55.90153773280159,-50.96369852881428,-56.21159085649448,-56.860520635698094,-1.468651912848817
2021Q3,S08000024,NHS Lothian,S08000024,5.092048863882506,16.859525828570717,4.353154209731041,-3.56941707414395,-7.579587191511998
2020Q1,S08000025,NHS Orkney,R103H,0.06688097344178315,2.708208773444933,0.43000520613795323,-6.098385885033298,-6.477589133529881
2020Q1,S08000025,NHS Orkney,S08000025,0.06688097344178315,2.708208773444933,0.43000520613795323,-6.098385885033298,-6.477589133529881
2020Q2,S08000025,NHS Orkney,R103H,6.983668097775671,9.807568812418339,7.371892073691693,-38.55013655498369,-42.75514794526501
2020Q2,S08000025,NHS Orkney,S08000025,6.983668097775671,9.807568812418339,7.371892073691693,-38.55013655498369,-42.75514794526501
2020Q3,S08000025,NHS Orkney,R103H,12.752691419818346,15.728869106933274,11.931830006104677,-20.814224674703066,-29.23806659576574
2020Q3,S08000025,NHS Orkney,S08000025,12.752691419818346,15.728869106933274,11.931830006104677,-20.814224674703066,-29.23806659576574
2020Q4,S08000025,NHS Orkney,R103H,6.379581886043454,9.187537367966513,5.605117943075443,-10.565929617056785,-15.292053719234042
2020Q4,S08000025,NHS Orkney,S08000025,6.379581886043454,9.187537367966513,5.605117943075443,-10.565929617056785,-15.292053719234042
2021Q1,S08000025,NHS Orkney,R103H,11.15186295872797,14.085785779135936,12.794714905696326,-6.470715015442777,-17.05981786568362
2021Q1,S08000025,NHS Orkney,S08000025,11.15186295872797,14.085785779135936,12.794714905696326,-6.470715015442777,-17.05981786568362
2021Q2,S08000025,NHS Orkney,R103H,1.7583223662919913,4.444296817910045,2.1275845274611362,-14.03241888679491,-15.802776935370003
2021Q2,S08000025,NHS Orkney,S08000025,1.7583223662919913,4.444296817910045,2.1275845274611362,-14.03241888679491,-15.802776935370003
2021Q3,S08000025,NHS Orkney,R103H,-7.242562188518045,-4.794171704422158,-7.91785428643251,-20.660346370534203,-13.81712241657116
2021Q3,S08000025,NHS Orkney,S08000025,-7.242562188518045,-4.794171704422158,-7.91785428643251,-20.660346370534203,-13.81712241657116
2020Q1,S08000026,NHS Shetland,Z102H,1.7465741603672733,73.05818117771385,2.1474571408364196,-0.7110430703366273,-3.21556846805602
2020Q1,S08000026,NHS Shetland,S08000026,1.7465741603672733,73.05818117771385,2.1474571408364196,-0.7110430703366273,-3.21556846805602
2020Q2,S08000026,NHS Shetland,Z102H,29.75044009526769,120.68925027887043,30.26165871438888,-37.27380942099405,-52.05267041930056
2020Q2,S08000026,NHS Shetland,S08000026,29.75044009526769,120.68925027887043,30.26165871438888,-37.27380942099405,-52.05267041930056
2020Q3,S08000026,NHS Shetland,Z102H,27.841634738186475,117.4426114013973,26.95027467302783,-19.872943351690726,-37.153997256721595
2020Q3,S08000026,NHS Shetland,S08000026,27.841634738186475,117.4426114013973,26.95027467302783,-19.872943351690726,-37.153997256721595
2020Q4,S08000026,NHS Shetland,Z102H,36.56415035725382,132.27851817061,35.61197362539279,-16.525812100971734,-38.71047138764479
2020Q4,S08000026,NHS Shetland,S08000026,36.56415035725382,132.27851817061,35.61197362539279,-16.525812100971734,-38.71047138764479
2021Q1,S08000026,NHS Shetland,Z102H,32.81902592247421,125.9085304996184,34.82391631227519,-16.590214897394784,-38.39979192755094
2021Q1,S08000026,NHS Shetland,S08000026,32.81902592247421,125.9085304996184,34.82391631227519,-16.590214897394784,-38.39979192755094
2021Q2,S08000026,NHS Shetland,Z102H,32.35994615304962,125.12769330123878,32.881446263952,-19.73523639725884,-39.85594580414332
2021Q2,S08000026,NHS Shetland,S08000026,32.35994615304962,125.12769330123878,32.881446263952,-19.73523639725884,-39.85594580414332
2021Q3,S08000026,NHS Shetland,Z102H,31.296814055434755,123.31943873657019,30.381363177704266,-5.0965834399800976,-27.52329428653075
2021Q3,S08000026,NHS Shetland,S08000026,31.296814055434755,123.31943873657019,30.381363177704266,-5.0965834399800976,-27.52329428653075
2020Q1,S08000030,NHS Tayside,T101H,-39.732389089321806,-19.687405668287774,-39.498353534402945,-38.12257679139106,2.057856998956751
2020Q1,S08000030,NHS Tayside,T202H,-81.6719533496668,-75.57605232265638,-81.60078055048704,-80.50271321462871,5.744113071404794
2020Q1,S08000030,NHS Tayside,T312H,-96.14713350558499,-94.86567164179104,-96.13217177515592,-97.71871779151685,-41.143659756358105
2020Q1,S08000030,NHS Tayside,S08000030,-1.1644605461954918,31.708200570182793,-0.7806552157326871,0.9649179554940011,1.5443024079360765
2020Q2,S08000030,NHS Tayside,T101H,-38.93704952031531,-18.62753647492873,-38.69992544513542,-57.75587863169552,-31.23195192311452
2020Q2,S08000030,NHS Tayside,T202H,-82.95859128535072,-77.29062552406506,-82.89241485185906,-87.38696035144444,-26.428015761797102
2020Q2,S08000030,NHS Tayside,T312H,-97.60693398034375,-96.81100117390575,-97.59764105292544,-98.54692827452578,-39.64259314413202
2020Q2,S08000030,NHS Tayside,S08000030,-3.298789516187603,28.863994633573704,-2.923272366678443,-30.86529826629327,-28.9339161888871
2020Q3,S08000030,NHS Tayside,T101H,-41.17608142091081,-21.611269495220526,-41.58952546325129,-43.78899735424259,-3.9688751668726536
2020Q3,S08000030,NHS Tayside,T202H,-82.82368558630405,-77.1108502431662,-82.94440935029746,-84.94788194276977,-11.933188984622019
2020Q3,S08000030,NHS Tayside,T312H,-95.91557894751982,-94.55710212980044,-95.94428630995586,-98.22704697927668,-56.377419007067274
2020Q3,S08000030,NHS Tayside,S08000030,-3.7014930954313976,28.32735200402482,-4.378327365022719,-11.169858682963472,-7.298783086753798
2020Q4,S08000030,NHS Tayside,T101H,-37.843709302668415,-17.170551735703505,-38.28057492984085,-40.040620344238526,-3.0569503833122993
2020Q4,S08000030,NHS Tayside,T202H,-82.6072324124605,-76.82240482978366,-82.72947751806687,-84.08205214301756,-8.026435160631571
2020Q4,S08000030,NHS Tayside,T312H,-96.72501314179983,-95.6357538151937,-96.74803139420419,-98.7998266929589,-63.17192341656685
2020Q4,S08000030,NHS Tayside,S08000030,-1.7433469413584466,30.93677679020627,-2.4339440455413484,-7.799782693158827,-5.699365727624882
2021Q1,S08000030,NHS Tayside,T101H,-38.511190485265004,-18.060036894180783,-37.58655060211829,-39.91052386663474,-3.9269339427051606
2021Q1,S08000030,NHS Tayside,T202H,-83.30390960455227,-77.75079657890323,-83.05284162658867,-83.70108703112663,-4.028303659149227
2021Q1,S08000030,NHS Tayside,T312H,-97.26765621483085,-96.35887975851081,-97.22656851028472,-99.06182531031297,-66.24425569732531
2021Q1,S08000030,NHS Tayside,S08000030,-3.1820054782069027,29.01962099614288,-1.7261018780619608,-8.200491684586018,-6.785475077760376
2021Q2,S08000030,NHS Tayside,T101H,-36.782585371361016,-15.756498406842194,-36.53709492484112,-40.11162863432471,-5.83186423657868
2021Q2,S08000030,NHS Tayside,T202H,-82.43306311443757,-76.59030689250378,-82.36484591186203,-82.21569489655938,0.6326849638506491
2021Q2,S08000030,NHS Tayside,T312H,-97.22134530321782,-96.2971658561127,-97.2105550299008,-99.63504871399118,-86.94434940359301
2021Q2,S08000030,NHS Tayside,S08000030,-0.5140942657167635,32.57487841690424,-0.127763385774695,-7.882794033723401,-7.959832714230627
2021Q3,S08000030,NHS Tayside,T101H,-32.82904298213506,-10.488009391246017,-33.301154202675484,-34.444695746147886,-1.9221499483248559
2021Q3,S08000030,NHS Tayside,T202H,-82.69482044094603,-76.93912460171055,-82.81644993389972,-82.59815307082692,1.0564109416995102
2021Q3,S08000030,NHS Tayside,T312H,-97.75291402781963,-97.00553412711723,-97.76870767656432,-99.92540543263674,-96.66395310713561
2021Q3,S08000030,NHS Tayside,S08000030,3.520995598306058,37.95203756498407,2.793398050894661,-0.6666771890466142,-3.570223759948787
2020Q1,S08000028,NHS Western Isles,W107H,-2.049153178616378,26.75448622699737,-1.6745786690639182,-10.591714557168467,-9.002600852073517
2020Q1,S08000028,NHS Western Isles,S08000028,-2.049153178616378,26.75448622699737,-1.6745786690639182,-10.591714557168467,-9.002600852073517
2020Q2,S08000028,NHS Western Isles,W107H,-17.552498509506037,6.692193393530686,-17.237210449863813,-61.83988535545066,-53.85851372252779
2020Q2,S08000028,NHS Western Isles,S08000028,-17.552498509506037,6.692193393530686,-17.237210449863813,-61.83988535545066,-53.85851372252779
2020Q3,S08000028,NHS Western Isles,W107H,-8.757480071543707,18.07349411361298,-9.404118063335881,-47.085057046503664,-41.5496785086981
2020Q3,S08000028,NHS Western Isles,S08000028,-8.757480071543707,18.07349411361298,-9.404118063335881,-47.085057046503664,-41.5496785086981
2020Q4,S08000028,NHS Western Isles,W107H,2.0005741161922868,31.995085152588864,1.2776935287220885,-31.697034236387456,-32.5094778243873
2020Q4,S08000028,NHS Western Isles,S08000028,2.0005741161922868,31.995085152588864,1.2776935287220885,-31.697034236387456,-32.5094778243873
2021Q1,S08000028,NHS Western Isles,W107H,3.2525890432132862,33.61527031660761,4.7990761815956136,-21.59366660037195,-25.129502358749562
2021Q1,S08000028,NHS Western Isles,S08000028,3.2525890432132862,33.61527031660761,4.7990761815956136,-21.59366660037195,-25.129502358749562
2021Q2,S08000028,NHS Western Isles,W107H,4.195464482080952,34.83540976111555,4.593919077140621,-16.57367887283164,-20.179639327112092
2021Q2,S08000028,NHS Western Isles,S08000028,4.195464482080952,34.83540976111555,4.593919077140621,-16.57367887283164,-20.179639327112092
2021Q3,S08000028,NHS Western Isles,W107H,5.602049153178619,36.6556177848897,4.85364482318977,-19.168205341957364,-22.85359039659934
2021Q3,S08000028,NHS Western Isles,S08000028,5.602049153178619,36.6556177848897,4.85364482318977,-19.168205341957364,-22.85359039659934
2020Q1,S92000003,Scotland,S92000003,0.875717011367499,16.44797063455281,1.2649648699268203,-2.5332181949050447,-3.7502791871375587
2020Q2,S92000003,Scotland,S92000003,-4.785425598773002,9.912913556848281,-4.418022319893322,-32.099278284374634,-28.960409979514665
2020Q3,S92000003,Scotland,S92000003,-4.190714890044253,10.59943016558074,-4.866440538787024,-15.885237301144244,-11.582028726004756
2020Q4,S92000003,Scotland,S92000003,-1.8037298396453492,13.354895735383288,-2.49629046445405,-10.466740078412764,-8.174071807185744
2021Q1,S92000003,Scotland,S92000003,-2.8951156928925483,12.095031899415957,-1.4373118356456207,-8.001203238305894,-6.659166264116093
2021Q2,S92000003,Scotland,S92000003,-2.198503923713665,12.899180105191638,-1.8211185227523767,-7.055701724498786,-5.331228566511144
2021Q3,S92000003,Scotland,S92000003,0.07194052728423785,15.520114623331358,-0.6338488631296606,-3.764197674183309,-3.1498558352635717
